name,tax_id,relative_abundance,abundance_score,hit_frequency
Bacilli,91061,92.27226000000006,882772.9600000001,77063
Actinobacteria,1760,1.5089499999999993,40867.65000000001,165000
Gammaproteobacteria,1236,0.09462999999999998,5155.389999999999,9879
Alphaproteobacteria,28211,0.31089000000000006,3686.36,55024
Betaproteobacteria,28216,0.03053,822.57,9792
Cytophagia,768503,0.11,1062,26
