name,tax_id,relative_abundance,abundance_score,hit_frequency
Bacillales,1385,94.50092000000002,847177.2799999998,34929
Lactobacillales,186826,0.02,185,5241
Tissierellales,1737405,0.01042,490.34000000000003,5095
Veillonellales,1843489,0.01,111,10
Propionibacteriales,85009,1.08722,24451.780000000002,11537
Micrococcales,85006,0.0229,2748.54,4727
Corynebacteriales,85007,0.011099999999999999,1088.8899999999999,7393
Rhodospirillales,204441,0.09,811,8728
Neisseriales,206351,0.01009,159.55,53
