name,tax_id,relative_abundance,abundance_score,hit_frequency
Bacilli,91061,30.084670000000003,15959.52,3721
Tissierellia,1737404,5.8958,4459.0,41671
Clostridia,186801,0.36,128,346
Erysipelotrichia,526524,0.3,107,652
Actinobacteria,1760,23.30602,14994.130000000001,77498
Gammaproteobacteria,1236,0.30505,289.75,173
