name,tax_id,relative_abundance,abundance_score,hit_frequency
Bacilli,91061,28.351240000000004,18273.57,35527
Actinobacteria,1760,3.6258699999999995,2291.22,23391
