name,tax_id,relative_abundance,abundance_score,hit_frequency
Bacilli,91061,31.839760000000002,89725.83000000002,194681
Tissierellia,1737404,0.08062,256.83,87
Negativicutes,909932,0.13,240,38
Clostridia,186801,0.04,82,10
Actinobacteria,1760,11.257969999999995,80826.16999999997,1077837
Gammaproteobacteria,1236,0.7979800000000001,8235.12,11176
Alphaproteobacteria,28211,0.32131,811.86,14441
Betaproteobacteria,28216,0.05054,196.07999999999998,3090
Bacteroidia,200643,0.22,390,11253
