name,tax_id,relative_abundance,abundance_score,hit_frequency
Staphylococcus,1279,59.0203,1781.1200000000001,83
Micrococcus,1269,8.07,203,91
Kocuria,57493,9.844019999999999,381.65999999999997,2537
Propionibacteriaceae_u_g,31957,5.81,146,10
