name,tax_id,relative_abundance,abundance_score,hit_frequency
Actinobacteria,1760,33.72899999999999,24825.89999999999,97609
Bacilli,91061,2.7940700000000005,3387.53,8315
Tissierellia,1737404,0.31,103,65
Gammaproteobacteria,1236,2.4305199999999996,4804.53,7637
Alphaproteobacteria,28211,0.72254,326.88,7890
