name,tax_id,relative_abundance,abundance_score,hit_frequency
Propionibacteriales,85009,27.99242,1720482.47,73265
Corynebacteriales,85007,0.01108,1993.87,16847
Micrococcales,85006,0.55,9755,24290
Bacillales,1385,1.5424000000000002,31391.960000000003,14392
Pseudomonadales,72274,0.01007,253.71,342
Caulobacterales,204458,0.01,175,3076
