name,tax_id,relative_abundance,abundance_score,hit_frequency
Bacilli,91061,45.79981,8565.819999999998,2226
Actinobacteria,1760,3.0073000000000003,614.39,2751
