name,tax_id,relative_abundance,abundance_score,hit_frequency
Bacilli,91061,38.73811,20092.26,3317
Actinobacteria,1760,21.473789999999997,26098.219999999998,14740
