name,tax_id,relative_abundance,abundance_score,hit_frequency
Firmicutes,1239,38.73811,20092.26,3317
Actinobacteria,201174,21.473789999999997,26098.219999999998,14740
