name,tax_id,relative_abundance,abundance_score,hit_frequency
Bacilli,91061,19.079829999999998,2550.79,644
Actinobacteria,1760,20.035140000000002,1065.02,2745
