name,tax_id,relative_abundance,abundance_score,hit_frequency
Bacillales,1385,26.72871,74449.57,34085
Lactobacillales,186826,0.08065,257.43,2214
Propionibacteriales,85009,17.39926,91173.84000000001,398724
Corynebacteriales,85007,5.35,9378,603240
Caulobacterales,204458,0.08,138,2450
