name,tax_id,relative_abundance,abundance_score,hit_frequency
Gammaproteobacteria,1236,4.595069999999999,34464.98,359741
Betaproteobacteria,28216,0.28126,256.68,1968
Alphaproteobacteria,28211,0.14,88,26
Bacilli,91061,13.00876,15632.649999999996,148863
Tissierellia,1737404,0.15624,490.22999999999996,1956
Clostridia,186801,0.14,90,317
Negativicutes,909932,0.21,133,126
Actinobacteria,1760,0.57173,11718.450000000003,48380
Flavobacteriia,117743,0.4,251,4909
