name,tax_id,relative_abundance,abundance_score,hit_frequency
Actinobacteria,1760,40.29862000000001,1609382.0200000007,756029
Bacilli,91061,10.65734,253912.72000000003,64314
Tissierellia,1737404,0.02594,30396.14,541266
Clostridia,186801,0.11005,2127.67,4353
Negativicutes,909932,0.00077,1547.22,8008
Epsilonproteobacteria,29547,0.02,430,1552
Gammaproteobacteria,1236,0.00012,305.81,120
Synergistia,649775,0.01,226,80
Bacteroidia,200643,0.02051,1379.46,14781
