name,tax_id,relative_abundance,abundance_score,hit_frequency
Bacillales,1385,69.97503999999999,21794.279999999995,13013
Lactobacillales,186826,0.74,186,1891
Corynebacteriales,85007,1.6660899999999998,822.15,4183
Propionibacteriales,85009,0.42,106,215
Micrococcales,85006,7.72,1949,1546
Pseudomonadales,72274,0.65574,309.0,2757
Aeromonadales,135624,0.32,82,16
