name,tax_id,relative_abundance,abundance_score,hit_frequency
Bacilli,91061,20.573829999999997,1192.1799999999998,213
Actinobacteria,1760,31.56963,1161.83,1296
