name,tax_id,relative_abundance,abundance_score,hit_frequency
Bacillales,1385,39.20476,6954.3,2563
Tissierellales,1737405,0.9148200000000001,537.68,3622
Propionibacteriales,85009,20.493340000000003,7106.379999999999,1121
Micrococcales,85006,0.9247399999999999,1011.59,12580
Enterobacterales,91347,0.9,144,396
Rhodospirillales,204441,1.16,185,1889
