name,tax_id,relative_abundance,abundance_score,hit_frequency
Gammaproteobacteria,1236,4.965120000000001,35930.35999999999,226685
Alphaproteobacteria,28211,0.30274999999999996,384.84000000000003,1916
Betaproteobacteria,28216,0.23,154,2566
Bacilli,91061,11.156819999999998,15785.19,143440
Tissierellia,1737404,0.38782,773.02,1541
Clostridia,186801,0.12118,155.31,1562
Actinobacteria,1760,0.38809000000000005,12651.019999999997,58844
Flavobacteriia,117743,0.95,635,12153
Bacteroidia,200643,0.14,97,268
