name,tax_id,relative_abundance,abundance_score,hit_frequency
Bacillales,1385,9.068670000000001,1325.4099999999999,229
Lactobacillales,186826,3.53,152,10
Tissierellales,1737405,2.25,97,136
Corynebacteriales,85007,7.708340000000001,2119.88,14241
Actinomycetales,2037,2.28,98,2196
Propionibacteriales,85009,2.94,127,250
Pseudomonadales,72274,2.29996,227.25,54
Bacteroidales,171549,3.9,168,1216
