name,tax_id,relative_abundance,abundance_score,hit_frequency
Bacillales,1385,78.34492999999998,194918.9,18895
Lactobacillales,186826,0.07,151,9
Propionibacteriales,85009,4.670960000000001,29155.57,171436
Corynebacteriales,85007,0.08367000000000001,3312.04,20474
Micrococcales,85006,0.11672000000000002,1807.48,9494
Neisseriales,206351,0.040350000000000004,179.5,57
Rhodospirillales,204441,0.11,260,3035
Flavobacteriales,200644,0.06,131,11
